problem_id,baseline_validity_rate,baseline_passing_tests,baseline_total_tests,baseline_coverage,baseline_mutation_score,spec_NoSUT_validity_rate,spec_NoSUT_passing_tests,spec_NoSUT_total_tests,spec_NoSUT_coverage,spec_NoSUT_mutation_score,spec_SUT_validity_rate,spec_SUT_passing_tests,spec_SUT_total_tests,spec_SUT_coverage,spec_SUT_mutation_score,hybrid_validity_rate,hybrid_passing_tests,hybrid_total_tests,hybrid_coverage,hybrid_mutation_score,delta_hybrid_vs_baseline,delta_NoSUT_vs_baseline,delta_SUT_vs_baseline,delta_NoSUT_vs_SUT,delta_hybrid_vs_SUT,delta_variance
HumanEval_0,100.0,10,10,100.0,100.0,80.0,8,10,100.0,83.33333333333333,100.0,10,10,100.0,83.33333333333333,100.0,18,18,100.0,100.0,0.0,-16.66666666666667,-16.66666666666667,0.0,16.66666666666667,92.59259259259264
HumanEval_1,100.0,10,10,100.0,100.0,58.333333333333336,7,12,100.0,100.0,100.0,10,10,100.0,100.0,100.0,18,18,100.0,100.0,0.0,0.0,0.0,0.0,0.0,0.0
HumanEval_10,100.0,10,10,100.0,78.57142857142857,54.54545454545455,6,11,100.0,71.42857142857143,100.0,10,10,100.0,78.57142857142857,,0,0,0.0,0.0,-78.57142857142857,-7.142857142857139,0.0,-7.142857142857139,-78.57142857142857,1887.7551020408164
HumanEval_100,100.0,10,10,100.0,100.0,66.66666666666667,6,9,100.0,100.0,100.0,10,10,100.0,100.0,100.0,17,17,100.0,100.0,0.0,0.0,0.0,0.0,0.0,0.0
HumanEval_101,100.0,10,10,100.0,100.0,72.72727272727273,8,11,100.0,100.0,100.0,10,10,100.0,100.0,100.0,19,19,100.0,100.0,0.0,0.0,0.0,0.0,0.0,0.0
HumanEval_102,80.0,8,10,100.0,100.0,66.66666666666667,8,12,100.0,100.0,100.0,10,10,12.0,0.0,100.0,18,18,100.0,100.0,0.0,0.0,-100.0,100.0,100.0,3333.333333333333
HumanEval_103,80.0,8,10,100.0,100.0,72.72727272727273,8,11,100.0,100.0,100.0,10,10,100.0,100.0,100.0,17,17,100.0,100.0,0.0,0.0,0.0,0.0,0.0,0.0
HumanEval_104,70.0,7,10,100.0,100.0,66.66666666666667,6,9,100.0,100.0,100.0,10,10,100.0,100.0,100.0,15,15,100.0,100.0,0.0,0.0,0.0,0.0,0.0,0.0
HumanEval_105,100.0,10,10,100.0,81.81818181818181,80.0,8,10,100.0,100.0,100.0,10,10,100.0,100.0,100.0,19,19,100.0,100.0,18.181818181818187,18.181818181818187,18.181818181818187,0.0,0.0,0.0
HumanEval_106,100.0,10,10,100.0,96.15384615384616,75.0,6,8,100.0,96.15384615384616,-10.0,-1,10,100.0,0.0,100.0,17,17,100.0,96.15384615384616,0.0,0.0,-96.15384615384616,96.15384615384616,96.15384615384616,3081.854043392506
HumanEval_107,100.0,10,10,100.0,100.0,45.45454545454545,5,11,100.0,100.0,-10.0,-1,10,100.0,0.0,100.0,16,16,100.0,100.0,0.0,0.0,-100.0,100.0,100.0,3333.333333333333
HumanEval_108,100.0,10,10,100.0,66.66666666666667,100.0,13,13,100.0,77.77777777777777,-10.0,-1,10,100.0,0.0,100.0,23,23,100.0,77.77777777777777,11.1111111111111,11.1111111111111,-66.66666666666667,77.77777777777777,77.77777777777777,2016.460905349794
HumanEval_109,100.0,10,10,100.0,92.3076923076923,100.0,11,11,100.0,92.3076923076923,20.0,2,10,100.0,61.53846153846154,100.0,21,21,100.0,92.3076923076923,0.0,0.0,-30.769230769230766,30.769230769230766,30.769230769230766,315.58185404339247
HumanEval_11,100.0,10,10,100.0,100.0,66.66666666666667,8,12,100.0,100.0,100.0,10,10,100.0,100.0,100.0,19,19,100.0,100.0,0.0,0.0,0.0,0.0,0.0,0.0
HumanEval_110,100.0,10,10,100.0,100.0,83.33333333333333,10,12,100.0,100.0,100.0,10,10,100.0,100.0,100.0,21,21,100.0,100.0,0.0,0.0,0.0,0.0,0.0,0.0
HumanEval_111,100.0,10,10,100.0,85.71428571428571,70.0,7,10,100.0,85.71428571428571,100.0,10,10,100.0,85.71428571428571,100.0,18,18,100.0,85.71428571428571,0.0,0.0,0.0,0.0,0.0,0.0
HumanEval_112,100.0,10,10,100.0,100.0,83.33333333333333,10,12,100.0,100.0,100.0,10,10,100.0,100.0,90.9090909090909,20,22,100.0,100.0,0.0,0.0,0.0,0.0,0.0,0.0
HumanEval_113,100.0,10,10,100.0,100.0,100.0,12,12,100.0,100.0,100.0,10,10,67.0,5.2631578947368425,100.0,22,22,100.0,100.0,0.0,0.0,-94.73684210526315,94.73684210526315,94.73684210526315,2991.68975069252
HumanEval_114,100.0,10,10,100.0,88.88888888888889,100.0,10,10,100.0,88.88888888888889,-10.0,-1,10,100.0,0.0,100.0,20,20,100.0,88.88888888888889,0.0,0.0,-88.88888888888889,88.88888888888889,88.88888888888889,2633.744855967078
HumanEval_115,100.0,10,10,100.0,100.0,60.0,6,10,100.0,100.0,100.0,10,10,100.0,100.0,100.0,17,17,100.0,100.0,0.0,0.0,0.0,0.0,0.0,0.0
HumanEval_116,100.0,10,10,100.0,66.66666666666667,60.0,6,10,100.0,33.333333333333336,100.0,10,10,100.0,33.333333333333336,100.0,14,14,100.0,66.66666666666667,0.0,-33.333333333333336,-33.333333333333336,0.0,33.333333333333336,370.37037037037044
HumanEval_117,70.0,7,10,100.0,100.0,58.333333333333336,7,12,100.0,100.0,100.0,10,10,100.0,100.0,100.0,16,16,100.0,100.0,0.0,0.0,0.0,0.0,0.0,0.0
HumanEval_118,100.0,10,10,100.0,82.14285714285714,75.0,9,12,100.0,64.28571428571429,100.0,10,10,100.0,82.14285714285714,100.0,20,20,100.0,85.71428571428571,3.5714285714285694,-17.857142857142847,0.0,-17.857142857142847,3.5714285714285694,131.80272108843522
HumanEval_119,80.0,8,10,100.0,100.0,75.0,9,12,100.0,96.42857142857144,10.0,1,10,100.0,46.42857142857143,100.0,19,19,100.0,100.0,0.0,-3.571428571428555,-53.57142857142857,50.000000000000014,53.57142857142857,897.1088435374153
HumanEval_12,80.0,8,10,100.0,100.0,78.57142857142857,11,14,100.0,100.0,100.0,10,10,100.0,100.0,100.0,19,19,100.0,100.0,0.0,0.0,0.0,0.0,0.0,0.0
HumanEval_120,80.0,8,10,100.0,100.0,66.66666666666667,8,12,100.0,100.0,100.0,10,10,100.0,100.0,100.0,18,18,100.0,100.0,0.0,0.0,0.0,0.0,0.0,0.0
HumanEval_121,100.0,10,10,100.0,100.0,76.92307692307692,10,13,100.0,100.0,100.0,8,8,100.0,0.0,100.0,21,21,100.0,100.0,0.0,0.0,-100.0,100.0,100.0,3333.333333333333
HumanEval_122,70.0,7,10,100.0,100.0,41.666666666666664,5,12,100.0,100.0,100.0,10,10,100.0,100.0,100.0,14,14,100.0,100.0,0.0,0.0,0.0,0.0,0.0,0.0
HumanEval_123,80.0,8,10,100.0,62.5,55.55555555555556,5,9,100.0,62.5,100.0,10,10,18.0,4.166666666666667,100.0,15,15,100.0,62.5,0.0,0.0,-58.333333333333336,58.333333333333336,58.333333333333336,1134.2592592592591
HumanEval_124,80.0,8,10,100.0,45.833333333333336,76.92307692307692,10,13,94.0,39.583333333333336,44.44444444444444,4,9,100.0,31.25,100.0,20,20,100.0,50.0,4.166666666666664,-6.25,-14.583333333333336,8.333333333333336,18.75,88.25231481481481
HumanEval_125,80.0,8,10,100.0,100.0,75.0,9,12,100.0,100.0,100.0,10,10,100.0,100.0,100.0,19,19,100.0,100.0,0.0,0.0,0.0,0.0,0.0,0.0
HumanEval_126,100.0,10,10,100.0,92.85714285714286,66.66666666666667,8,12,100.0,92.85714285714286,40.0,4,10,100.0,71.42857142857143,100.0,19,19,100.0,92.85714285714286,0.0,0.0,-21.42857142857143,21.42857142857143,21.42857142857143,153.06122448979596
HumanEval_127,60.0,6,10,100.0,60.714285714285715,36.36363636363637,4,11,100.0,53.57142857142857,100.0,10,10,100.0,85.71428571428571,100.0,12,12,75.0,60.714285714285715,0.0,-7.142857142857146,24.999999999999993,-32.14285714285714,-24.999999999999993,284.8639455782312
HumanEval_128,100.0,10,10,100.0,83.33333333333333,78.57142857142857,11,14,100.0,83.33333333333333,100.0,10,10,75.0,8.333333333333334,100.0,22,22,100.0,83.33333333333333,0.0,0.0,-75.0,75.0,75.0,1875.0
HumanEval_129,100.0,10,10,100.0,66.66666666666667,33.333333333333336,4,12,100.0,84.84848484848484,100.0,10,10,100.0,87.87878787878788,100.0,15,15,100.0,84.84848484848484,18.181818181818173,18.181818181818173,21.212121212121204,-3.030303030303031,-3.030303030303031,3.0609121518212445
HumanEval_13,60.0,6,10,100.0,100.0,72.72727272727273,8,11,100.0,50.0,100.0,10,10,25.0,0.0,100.0,16,16,100.0,50.0,-50.0,-50.0,-100.0,50.0,50.0,833.3333333333334
HumanEval_130,100.0,10,10,100.0,100.0,77.77777777777777,7,9,100.0,100.0,-10.0,-1,10,100.0,0.0,100.0,18,18,100.0,100.0,0.0,0.0,-100.0,100.0,100.0,3333.333333333333
HumanEval_131,100.0,10,10,100.0,82.3529411764706,69.23076923076923,9,13,100.0,82.3529411764706,-10.0,-1,10,100.0,0.0,100.0,16,16,100.0,82.3529411764706,0.0,0.0,-82.3529411764706,82.3529411764706,82.3529411764706,2260.668973471742
HumanEval_132,100.0,10,10,100.0,90.0,71.42857142857143,10,14,100.0,85.0,70.0,7,10,100.0,75.0,100.0,21,21,100.0,90.0,0.0,-5.0,-15.0,10.0,15.0,58.33333333333333
HumanEval_133,100.0,10,10,100.0,100.0,100.0,11,11,100.0,100.0,100.0,10,10,100.0,100.0,100.0,21,21,100.0,100.0,0.0,0.0,0.0,0.0,0.0,0.0
HumanEval_134,100.0,10,10,100.0,84.61538461538461,66.66666666666667,8,12,100.0,84.61538461538461,100.0,10,10,100.0,84.61538461538461,100.0,19,19,100.0,84.61538461538461,0.0,0.0,0.0,0.0,0.0,0.0
HumanEval_135,100.0,10,10,100.0,84.61538461538461,83.33333333333333,10,12,100.0,84.61538461538461,0.0,0,10,100.0,30.76923076923077,100.0,20,20,100.0,84.61538461538461,0.0,0.0,-53.84615384615384,53.84615384615384,53.84615384615384,966.4694280078895
HumanEval_136,100.0,10,10,100.0,100.0,85.71428571428571,12,14,100.0,100.0,-10.0,-1,10,100.0,0.0,100.0,23,23,100.0,100.0,0.0,0.0,-100.0,100.0,100.0,3333.333333333333
HumanEval_137,100.0,10,10,100.0,88.88888888888889,100.0,12,12,100.0,66.66666666666667,100.0,10,10,17.0,0.0,100.0,22,22,100.0,88.88888888888889,0.0,-22.222222222222214,-88.88888888888889,66.66666666666667,88.88888888888889,2139.917695473251
HumanEval_138,100.0,10,10,100.0,100.0,83.33333333333333,10,12,100.0,100.0,-10.0,-1,10,100.0,0.0,100.0,21,21,100.0,100.0,0.0,0.0,-100.0,100.0,100.0,3333.333333333333
HumanEval_139,100.0,10,10,100.0,90.9090909090909,50.0,4,8,100.0,90.9090909090909,-10.0,-1,10,100.0,0.0,100.0,15,15,100.0,90.9090909090909,0.0,0.0,-90.9090909090909,90.9090909090909,90.9090909090909,2754.8209366391184
HumanEval_14,100.0,10,10,100.0,100.0,77.77777777777777,7,9,100.0,100.0,100.0,10,10,100.0,100.0,100.0,18,18,100.0,100.0,0.0,0.0,0.0,0.0,0.0,0.0
HumanEval_140,80.0,8,10,100.0,88.23529411764706,83.33333333333333,10,12,100.0,90.19607843137256,100.0,10,10,100.0,92.15686274509804,100.0,15,15,100.0,90.19607843137256,1.9607843137254974,1.9607843137254974,3.9215686274509807,-1.9607843137254832,-1.9607843137254832,1.2815583749839714
HumanEval_141,100.0,10,10,100.0,96.29629629629628,58.333333333333336,7,12,100.0,88.88888888888889,100.0,10,10,100.0,92.5925925925926,100.0,18,18,100.0,100.0,3.7037037037037237,-7.407407407407391,-3.703703703703681,-3.7037037037037095,7.407407407407405,32.00731595793325
HumanEval_142,100.0,10,10,100.0,94.44444444444444,81.81818181818181,9,11,100.0,94.44444444444444,100.0,10,10,100.0,94.44444444444444,100.0,20,20,100.0,94.44444444444444,0.0,0.0,0.0,0.0,0.0,0.0
HumanEval_143,80.0,8,10,100.0,73.6842105263158,41.666666666666664,5,12,100.0,73.6842105263158,100.0,10,10,100.0,73.6842105263158,100.0,15,15,100.0,73.6842105263158,0.0,0.0,0.0,0.0,0.0,0.0
HumanEval_144,100.0,10,10,100.0,100.0,81.81818181818181,9,11,100.0,92.3076923076923,100.0,10,10,100.0,100.0,100.0,20,20,100.0,100.0,0.0,-7.692307692307693,0.0,-7.692307692307693,0.0,19.72386587771204
HumanEval_145,,0,0,0.0,0.0,61.53846153846154,8,13,100.0,33.333333333333336,-10.0,-1,10,100.0,0.0,100.0,14,14,100.0,60.0,60.0,33.333333333333336,0.0,33.333333333333336,60.0,903.7037037037037
HumanEval_146,100.0,10,10,100.0,95.0,100.0,11,11,100.0,95.0,100.0,10,10,11.0,0.0,100.0,21,21,100.0,95.0,0.0,0.0,-95.0,95.0,95.0,3008.333333333333
HumanEval_147,100.0,10,10,100.0,85.71428571428571,66.66666666666667,8,12,100.0,85.71428571428571,100.0,10,10,100.0,85.71428571428571,100.0,19,19,100.0,85.71428571428571,0.0,0.0,0.0,0.0,0.0,0.0
HumanEval_148,100.0,10,10,100.0,95.0,100.0,13,13,100.0,95.0,100.0,10,10,100.0,95.0,100.0,23,23,100.0,95.0,0.0,0.0,0.0,0.0,0.0,0.0
HumanEval_149,100.0,10,10,100.0,100.0,77.77777777777777,7,9,100.0,100.0,100.0,10,10,29.0,0.0,100.0,18,18,100.0,100.0,0.0,0.0,-100.0,100.0,100.0,3333.333333333333
HumanEval_15,100.0,10,10,100.0,100.0,71.42857142857143,5,7,100.0,100.0,-10.0,-1,10,100.0,0.0,100.0,16,16,100.0,100.0,0.0,0.0,-100.0,100.0,100.0,3333.333333333333
HumanEval_150,70.0,7,10,100.0,85.71428571428571,72.72727272727273,8,11,100.0,85.71428571428571,100.0,10,10,100.0,85.71428571428571,100.0,16,16,100.0,85.71428571428571,0.0,0.0,0.0,0.0,0.0,0.0
HumanEval_151,100.0,10,10,100.0,90.9090909090909,83.33333333333333,10,12,100.0,81.81818181818181,0.0,0,10,100.0,9.090909090909092,100.0,21,21,100.0,90.9090909090909,0.0,-9.090909090909093,-81.81818181818181,72.72727272727272,81.81818181818181,2011.0192837465565
HumanEval_152,100.0,10,10,100.0,100.0,83.33333333333333,10,12,100.0,100.0,100.0,10,10,100.0,100.0,100.0,21,21,100.0,100.0,0.0,0.0,0.0,0.0,0.0,0.0
HumanEval_153,100.0,10,10,100.0,94.73684210526316,63.63636363636363,7,11,100.0,73.6842105263158,100.0,10,10,100.0,68.42105263157895,100.0,18,18,100.0,94.73684210526316,0.0,-21.05263157894737,-26.31578947368422,5.26315789473685,26.31578947368422,193.90581717451533
HumanEval_154,80.0,8,10,100.0,69.23076923076923,100.0,12,12,100.0,69.23076923076923,100.0,10,10,100.0,69.23076923076923,100.0,21,21,100.0,69.23076923076923,0.0,0.0,0.0,0.0,0.0,0.0
HumanEval_155,100.0,10,10,100.0,100.0,83.33333333333333,10,12,100.0,100.0,100.0,10,10,100.0,100.0,100.0,21,21,100.0,100.0,0.0,0.0,0.0,0.0,0.0,0.0
HumanEval_156,100.0,10,10,100.0,79.54545454545455,,0,0,,0.0,100.0,10,10,100.0,79.54545454545455,100.0,18,18,100.0,79.54545454545455,0.0,-79.54545454545455,0.0,-79.54545454545455,0.0,2109.159779614325
HumanEval_157,80.0,8,10,100.0,81.25,66.66666666666667,8,12,100.0,43.75,100.0,10,10,50.0,0.0,100.0,17,17,100.0,81.25,0.0,-37.5,-81.25,43.75,81.25,1653.6458333333335
HumanEval_158,80.0,8,10,100.0,100.0,70.0,7,10,100.0,100.0,-10.0,-1,10,100.0,0.0,100.0,17,17,100.0,100.0,0.0,0.0,-100.0,100.0,100.0,3333.333333333333
HumanEval_159,100.0,10,10,100.0,80.0,75.0,9,12,100.0,80.0,100.0,9,9,100.0,80.0,100.0,18,18,100.0,80.0,0.0,0.0,0.0,0.0,0.0,0.0
HumanEval_16,100.0,10,10,100.0,0.0,63.63636363636363,7,11,100.0,0.0,100.0,10,10,100.0,0.0,100.0,18,18,100.0,0.0,0.0,0.0,0.0,0.0,0.0,0.0
HumanEval_160,100.0,10,10,100.0,100.0,50.0,6,12,100.0,100.0,100.0,10,10,100.0,100.0,100.0,17,17,100.0,100.0,0.0,0.0,0.0,0.0,0.0,0.0
HumanEval_161,100.0,10,10,100.0,89.47368421052632,83.33333333333333,10,12,100.0,89.47368421052632,100.0,10,10,100.0,89.47368421052632,100.0,21,21,100.0,89.47368421052632,0.0,0.0,0.0,0.0,0.0,0.0
HumanEval_162,,0,0,0.0,0.0,41.666666666666664,5,12,100.0,100.0,100.0,10,10,100.0,100.0,100.0,11,11,100.0,100.0,100.0,100.0,100.0,0.0,0.0,0.0
HumanEval_163,100.0,10,10,100.0,90.0,66.66666666666667,8,12,100.0,90.0,100.0,10,10,25.0,0.0,100.0,19,19,100.0,90.0,0.0,0.0,-90.0,90.0,90.0,2700.0
HumanEval_17,100.0,10,10,100.0,100.0,50.0,6,12,100.0,100.0,100.0,10,10,100.0,100.0,100.0,17,17,100.0,100.0,0.0,0.0,0.0,0.0,0.0,0.0
HumanEval_18,100.0,10,10,100.0,80.0,100.0,11,11,100.0,90.0,100.0,10,10,100.0,90.0,100.0,19,19,100.0,90.0,10.0,10.0,10.0,0.0,0.0,0.0
HumanEval_19,100.0,10,10,100.0,83.33333333333333,58.333333333333336,7,12,100.0,95.83333333333331,100.0,10,10,100.0,95.83333333333331,100.0,18,18,100.0,95.83333333333331,12.499999999999986,12.499999999999986,12.499999999999986,0.0,0.0,0.0
HumanEval_2,40.0,4,10,100.0,100.0,72.72727272727273,8,11,100.0,100.0,80.0,8,10,100.0,100.0,100.0,14,14,100.0,100.0,0.0,0.0,0.0,0.0,0.0,0.0
HumanEval_20,100.0,10,10,100.0,83.33333333333333,58.333333333333336,7,12,100.0,83.33333333333333,100.0,10,10,60.0,8.333333333333334,100.0,18,18,100.0,83.33333333333333,0.0,0.0,-75.0,75.0,75.0,1875.0
HumanEval_21,60.0,6,10,100.0,100.0,54.54545454545455,6,11,100.0,100.0,100.0,10,10,100.0,100.0,100.0,9,9,100.0,100.0,0.0,0.0,0.0,0.0,0.0,0.0
HumanEval_22,100.0,10,10,100.0,0.0,81.81818181818181,9,11,100.0,0.0,10.0,1,10,0.0,0.0,100.0,20,20,100.0,0.0,0.0,0.0,0.0,0.0,0.0,0.0
HumanEval_23,100.0,10,10,100.0,0.0,77.77777777777777,7,9,100.0,0.0,100.0,10,10,100.0,0.0,100.0,18,18,100.0,0.0,0.0,0.0,0.0,0.0,0.0,0.0
HumanEval_24,100.0,10,10,100.0,100.0,66.66666666666667,8,12,100.0,100.0,100.0,10,10,50.0,0.0,100.0,19,19,100.0,100.0,0.0,0.0,-100.0,100.0,100.0,3333.333333333333
HumanEval_25,100.0,10,10,100.0,56.25,75.0,9,12,100.0,56.25,100.0,10,10,46.0,0.0,100.0,20,20,100.0,56.25,0.0,0.0,-56.25,56.25,56.25,1054.6875
HumanEval_26,100.0,10,10,100.0,100.0,66.66666666666667,6,9,100.0,100.0,100.0,10,10,100.0,100.0,100.0,17,17,100.0,100.0,0.0,0.0,0.0,0.0,0.0,0.0
HumanEval_27,100.0,10,10,100.0,0.0,66.66666666666667,8,12,100.0,0.0,100.0,10,10,100.0,0.0,100.0,19,19,100.0,0.0,0.0,0.0,0.0,0.0,0.0,0.0
HumanEval_28,100.0,10,10,100.0,100.0,77.77777777777777,7,9,100.0,100.0,100.0,10,10,100.0,100.0,100.0,18,18,100.0,100.0,0.0,0.0,0.0,0.0,0.0,0.0
HumanEval_29,100.0,10,10,100.0,0.0,83.33333333333333,10,12,100.0,0.0,100.0,10,10,100.0,0.0,100.0,21,21,100.0,0.0,0.0,0.0,0.0,0.0,0.0,0.0
HumanEval_3,100.0,10,10,100.0,100.0,80.0,8,10,100.0,100.0,100.0,10,10,100.0,100.0,100.0,13,13,100.0,100.0,0.0,0.0,0.0,0.0,0.0,0.0
HumanEval_30,100.0,10,10,100.0,100.0,100.0,12,12,100.0,100.0,10.0,1,10,100.0,0.0,100.0,22,22,100.0,100.0,0.0,0.0,-100.0,100.0,100.0,3333.333333333333
HumanEval_31,100.0,10,10,100.0,100.0,100.0,11,11,100.0,100.0,100.0,10,10,29.0,9.090909090909092,100.0,21,21,100.0,100.0,0.0,0.0,-90.9090909090909,90.9090909090909,90.9090909090909,2754.8209366391184
HumanEval_32,70.0,7,10,100.0,34.61538461538461,,0,0,,0.0,100.0,7,7,100.0,34.61538461538461,,0,0,0.0,0.0,-34.61538461538461,-34.61538461538461,0.0,-34.61538461538461,-34.61538461538461,399.40828402366856
HumanEval_33,100.0,10,10,100.0,100.0,83.33333333333333,10,12,100.0,100.0,-10.0,-1,10,100.0,0.0,100.0,21,21,100.0,100.0,0.0,0.0,-100.0,100.0,100.0,3333.333333333333
HumanEval_34,100.0,10,10,100.0,0.0,81.81818181818181,9,11,100.0,0.0,100.0,10,10,100.0,0.0,100.0,20,20,100.0,0.0,0.0,0.0,0.0,0.0,0.0,0.0
HumanEval_35,80.0,8,10,100.0,75.0,72.72727272727273,8,11,100.0,75.0,100.0,10,10,100.0,75.0,100.0,17,17,100.0,75.0,0.0,0.0,0.0,0.0,0.0,0.0
HumanEval_36,80.0,8,10,100.0,94.44444444444444,100.0,10,10,100.0,94.44444444444444,100.0,10,10,100.0,94.44444444444444,100.0,19,19,100.0,94.44444444444444,0.0,0.0,0.0,0.0,0.0,0.0
HumanEval_37,100.0,10,10,100.0,100.0,81.81818181818181,9,11,100.0,100.0,100.0,10,10,40.0,0.0,100.0,20,20,100.0,100.0,0.0,0.0,-100.0,100.0,100.0,3333.333333333333
HumanEval_38,80.0,8,10,100.0,88.88888888888889,100.0,12,12,100.0,94.44444444444444,100.0,10,10,100.0,94.44444444444444,,0,0,0.0,0.0,-88.88888888888889,5.555555555555557,5.555555555555557,0.0,-94.44444444444444,2973.251028806584
HumanEval_39,60.0,6,10,100.0,64.51612903225806,,0,0,,0.0,100.0,10,10,100.0,64.51612903225806,100.0,9,9,100.0,64.51612903225806,0.0,-64.51612903225806,0.0,-64.51612903225806,0.0,1387.4436351023242
HumanEval_4,100.0,10,10,100.0,100.0,80.0,8,10,100.0,100.0,100.0,7,7,75.0,25.0,100.0,19,19,100.0,100.0,0.0,0.0,-75.0,75.0,75.0,1875.0
HumanEval_40,80.0,8,10,100.0,80.0,83.33333333333333,10,12,100.0,80.0,30.0,3,10,100.0,30.0,100.0,12,12,100.0,80.0,0.0,0.0,-50.0,50.0,50.0,833.3333333333333
HumanEval_41,100.0,10,10,100.0,100.0,62.5,5,8,100.0,100.0,100.0,10,10,100.0,100.0,100.0,16,16,100.0,100.0,0.0,0.0,0.0,0.0,0.0,0.0
HumanEval_42,100.0,10,10,100.0,100.0,100.0,11,11,100.0,100.0,100.0,10,10,100.0,100.0,100.0,21,21,100.0,100.0,0.0,0.0,0.0,0.0,0.0,0.0
HumanEval_43,100.0,10,10,100.0,100.0,72.72727272727273,8,11,100.0,100.0,100.0,10,10,100.0,100.0,100.0,18,18,100.0,100.0,0.0,0.0,0.0,0.0,0.0,0.0
HumanEval_44,80.0,8,10,100.0,77.77777777777777,,0,0,,0.0,100.0,10,10,100.0,77.77777777777777,100.0,15,15,100.0,77.77777777777777,0.0,-77.77777777777777,0.0,-77.77777777777777,0.0,2016.4609053497938
HumanEval_45,80.0,8,10,100.0,100.0,58.333333333333336,7,12,100.0,100.0,100.0,10,10,50.0,0.0,100.0,17,17,100.0,100.0,0.0,0.0,-100.0,100.0,100.0,3333.333333333333
HumanEval_46,100.0,10,10,100.0,95.83333333333331,80.0,8,10,100.0,95.83333333333331,100.0,10,10,38.0,4.166666666666667,100.0,19,19,100.0,95.83333333333331,0.0,0.0,-91.66666666666664,91.66666666666664,91.66666666666664,2800.9259259259247
HumanEval_47,80.0,8,10,100.0,100.0,83.33333333333333,10,12,100.0,100.0,-10.0,-1,10,100.0,0.0,100.0,20,20,100.0,100.0,0.0,0.0,-100.0,100.0,100.0,3333.333333333333
HumanEval_48,100.0,10,10,100.0,100.0,84.61538461538461,11,13,100.0,100.0,100.0,10,10,100.0,100.0,100.0,22,22,100.0,100.0,0.0,0.0,0.0,0.0,0.0,0.0
HumanEval_49,100.0,10,10,100.0,100.0,75.0,9,12,100.0,100.0,100.0,10,10,100.0,100.0,100.0,20,20,100.0,100.0,0.0,0.0,0.0,0.0,0.0,0.0
HumanEval_5,100.0,10,10,100.0,100.0,45.45454545454545,5,11,100.0,100.0,100.0,10,10,0.0,0.0,100.0,16,16,100.0,100.0,0.0,0.0,-100.0,100.0,100.0,3333.333333333333
HumanEval_50,100.0,10,10,75.0,50.0,72.72727272727273,8,11,75.0,50.0,100.0,10,10,75.0,50.0,,0,0,0.0,0.0,-50.0,0.0,0.0,0.0,-50.0,833.3333333333333
HumanEval_51,80.0,8,10,100.0,100.0,81.81818181818181,9,11,100.0,100.0,100.0,10,10,100.0,100.0,100.0,19,19,100.0,100.0,0.0,0.0,0.0,0.0,0.0,0.0
HumanEval_52,100.0,10,10,100.0,100.0,100.0,12,12,100.0,100.0,100.0,10,10,100.0,100.0,100.0,19,19,100.0,100.0,0.0,0.0,0.0,0.0,0.0,0.0
HumanEval_53,100.0,10,10,100.0,100.0,75.0,9,12,100.0,100.0,100.0,10,10,50.0,0.0,100.0,19,19,100.0,100.0,0.0,0.0,-100.0,100.0,100.0,3333.333333333333
HumanEval_54,100.0,10,10,100.0,100.0,81.81818181818181,9,11,100.0,100.0,100.0,10,10,100.0,100.0,100.0,20,20,100.0,100.0,0.0,0.0,0.0,0.0,0.0,0.0
HumanEval_55,100.0,10,10,100.0,63.63636363636363,60.0,6,10,100.0,100.0,100.0,10,10,100.0,63.63636363636363,100.0,17,17,100.0,63.63636363636363,0.0,36.36363636363637,0.0,36.36363636363637,0.0,440.771349862259
HumanEval_56,100.0,10,10,100.0,100.0,75.0,9,12,100.0,100.0,100.0,9,9,100.0,100.0,100.0,17,17,100.0,100.0,0.0,0.0,0.0,0.0,0.0,0.0
HumanEval_57,100.0,10,10,100.0,100.0,84.61538461538461,11,13,100.0,100.0,0.0,0,10,100.0,50.0,100.0,20,20,100.0,100.0,0.0,0.0,-50.0,50.0,50.0,833.3333333333333
HumanEval_58,100.0,10,10,100.0,100.0,84.61538461538461,11,13,100.0,100.0,100.0,10,10,100.0,100.0,100.0,21,21,100.0,100.0,0.0,0.0,0.0,0.0,0.0,0.0
HumanEval_59,100.0,10,10,92.0,71.42857142857143,72.72727272727273,8,11,92.0,71.42857142857143,-10.0,-1,10,92.0,0.0,100.0,19,19,92.0,71.42857142857143,0.0,0.0,-71.42857142857143,71.42857142857143,71.42857142857143,1700.6802721088436
HumanEval_6,100.0,10,10,100.0,78.57142857142857,58.333333333333336,7,12,100.0,78.57142857142857,100.0,10,10,100.0,78.57142857142857,100.0,16,16,100.0,78.57142857142857,0.0,0.0,0.0,0.0,0.0,0.0
HumanEval_60,100.0,10,10,100.0,100.0,75.0,6,8,100.0,100.0,-10.0,-1,10,100.0,0.0,100.0,17,17,100.0,100.0,0.0,0.0,-100.0,100.0,100.0,3333.333333333333
HumanEval_61,100.0,10,10,100.0,100.0,84.61538461538461,11,13,100.0,100.0,100.0,10,10,100.0,100.0,100.0,19,19,100.0,100.0,0.0,0.0,0.0,0.0,0.0,0.0
HumanEval_62,100.0,10,10,100.0,100.0,83.33333333333333,10,12,100.0,100.0,-10.0,-1,10,100.0,0.0,100.0,20,20,100.0,100.0,0.0,0.0,-100.0,100.0,100.0,3333.333333333333
HumanEval_63,100.0,10,10,100.0,88.23529411764706,70.0,7,10,100.0,100.0,100.0,10,10,100.0,94.11764705882354,100.0,18,18,100.0,70.58823529411765,-17.647058823529406,11.764705882352942,5.882352941176478,5.882352941176464,-23.529411764705884,242.21453287197224
HumanEval_64,80.0,8,10,100.0,88.23529411764706,66.66666666666667,8,12,100.0,88.23529411764706,100.0,10,10,100.0,88.23529411764706,100.0,18,18,100.0,88.23529411764706,0.0,0.0,0.0,0.0,0.0,0.0
HumanEval_65,100.0,10,10,100.0,100.0,66.66666666666667,8,12,100.0,100.0,100.0,10,10,100.0,100.0,100.0,19,19,100.0,100.0,0.0,0.0,0.0,0.0,0.0,0.0
HumanEval_66,100.0,10,10,100.0,75.0,54.54545454545455,6,11,100.0,75.0,100.0,10,10,100.0,75.0,100.0,17,17,100.0,75.0,0.0,0.0,0.0,0.0,0.0,0.0
HumanEval_67,100.0,10,10,100.0,100.0,50.0,6,12,100.0,100.0,100.0,10,10,100.0,100.0,100.0,17,17,100.0,100.0,0.0,0.0,0.0,0.0,0.0,0.0
HumanEval_68,100.0,10,10,100.0,100.0,72.72727272727273,8,11,100.0,100.0,100.0,10,10,60.0,22.22222222222222,100.0,19,19,100.0,100.0,0.0,0.0,-77.77777777777777,77.77777777777777,77.77777777777777,2016.460905349794
HumanEval_69,100.0,10,10,100.0,92.85714285714286,85.71428571428571,12,14,100.0,92.85714285714286,-10.0,-1,10,100.0,0.0,100.0,23,23,100.0,92.85714285714286,0.0,0.0,-92.85714285714286,92.85714285714286,92.85714285714286,2874.149659863946
HumanEval_7,100.0,10,10,100.0,100.0,72.72727272727273,8,11,100.0,100.0,100.0,10,10,100.0,100.0,100.0,19,19,100.0,100.0,0.0,0.0,0.0,0.0,0.0,0.0
HumanEval_70,100.0,10,10,100.0,100.0,66.66666666666667,8,12,100.0,100.0,100.0,10,10,100.0,100.0,100.0,19,19,100.0,100.0,0.0,0.0,0.0,0.0,0.0,0.0
HumanEval_71,100.0,10,10,100.0,92.0,100.0,11,11,100.0,92.0,100.0,10,10,100.0,92.0,100.0,21,21,100.0,92.0,0.0,0.0,0.0,0.0,0.0,0.0
HumanEval_72,100.0,10,10,100.0,87.5,100.0,10,10,100.0,68.75,100.0,10,10,100.0,68.75,100.0,20,20,100.0,87.5,0.0,-18.75,-18.75,0.0,18.75,117.1875
HumanEval_73,100.0,10,10,100.0,100.0,63.63636363636363,7,11,100.0,100.0,100.0,10,10,100.0,100.0,100.0,18,18,100.0,100.0,0.0,0.0,0.0,0.0,0.0,0.0
HumanEval_74,100.0,10,10,100.0,100.0,100.0,11,11,100.0,88.88888888888889,100.0,10,10,100.0,88.88888888888889,100.0,21,21,100.0,100.0,0.0,-11.111111111111114,-11.111111111111114,0.0,11.111111111111114,41.15226337448562
HumanEval_75,100.0,10,10,100.0,56.52173913043478,69.23076923076923,9,13,100.0,43.47826086956522,100.0,14,14,100.0,43.47826086956522,100.0,20,20,100.0,56.52173913043478,0.0,-13.043478260869563,-13.043478260869563,0.0,13.043478260869563,56.710775047258956
HumanEval_76,100.0,10,10,100.0,60.0,,0,0,,0.0,100.0,10,10,100.0,70.0,100.0,19,19,100.0,60.0,0.0,-60.0,10.0,-70.0,-10.0,1433.3333333333333
HumanEval_77,100.0,10,10,100.0,100.0,100.0,11,11,100.0,100.0,100.0,10,10,100.0,100.0,100.0,21,21,100.0,100.0,0.0,0.0,0.0,0.0,0.0,0.0
HumanEval_78,100.0,10,10,100.0,100.0,100.0,12,12,100.0,100.0,100.0,10,10,100.0,100.0,100.0,22,22,100.0,100.0,0.0,0.0,0.0,0.0,0.0,0.0
HumanEval_79,100.0,10,10,100.0,100.0,80.0,8,10,100.0,100.0,100.0,10,10,100.0,100.0,100.0,19,19,100.0,100.0,0.0,0.0,0.0,0.0,0.0,0.0
HumanEval_8,100.0,10,10,100.0,100.0,80.0,8,10,100.0,100.0,80.0,8,10,100.0,12.5,100.0,19,19,100.0,100.0,0.0,0.0,-87.5,87.5,87.5,2552.083333333333
HumanEval_80,100.0,10,10,100.0,89.47368421052632,81.81818181818181,9,11,100.0,63.1578947368421,100.0,10,10,100.0,84.21052631578948,100.0,20,20,100.0,89.47368421052632,0.0,-26.315789473684212,-5.263157894736835,-21.052631578947377,5.263157894736835,193.90581717451533
HumanEval_81,100.0,10,10,100.0,100.0,75.0,9,12,100.0,89.47368421052632,100.0,10,10,100.0,86.84210526315789,100.0,20,20,100.0,100.0,0.0,-10.526315789473685,-13.15789473684211,2.631578947368425,13.15789473684211,48.476454293628834
HumanEval_82,100.0,10,10,100.0,100.0,83.33333333333333,10,12,100.0,100.0,30.0,3,10,100.0,61.53846153846154,100.0,21,21,100.0,100.0,0.0,0.0,-38.46153846153846,38.46153846153846,38.46153846153846,493.0966469428008
HumanEval_83,80.0,8,10,100.0,100.0,60.0,6,10,100.0,100.0,100.0,10,10,100.0,22.22222222222222,100.0,16,16,100.0,100.0,0.0,0.0,-77.77777777777777,77.77777777777777,77.77777777777777,2016.460905349794
HumanEval_84,100.0,10,10,100.0,100.0,69.23076923076923,9,13,100.0,100.0,100.0,10,10,100.0,100.0,100.0,20,20,100.0,100.0,0.0,0.0,0.0,0.0,0.0,0.0
HumanEval_85,80.0,8,10,100.0,100.0,72.72727272727273,8,11,100.0,100.0,-10.0,-1,10,100.0,0.0,89.47368421052632,17,19,100.0,100.0,0.0,0.0,-100.0,100.0,100.0,3333.333333333333
HumanEval_86,80.0,8,10,100.0,100.0,61.53846153846154,8,13,100.0,100.0,,0,0,,,100.0,18,18,100.0,100.0,0.0,0.0,,,,0.0
HumanEval_87,100.0,10,10,100.0,100.0,50.0,5,10,100.0,100.0,100.0,8,8,100.0,100.0,100.0,15,15,100.0,100.0,0.0,0.0,0.0,0.0,0.0,0.0
HumanEval_88,100.0,10,10,100.0,90.0,76.92307692307692,10,13,100.0,90.0,100.0,10,10,100.0,10.0,100.0,21,21,100.0,90.0,0.0,0.0,-80.0,80.0,80.0,2133.333333333333
HumanEval_89,70.0,7,10,100.0,93.33333333333331,81.81818181818181,9,11,100.0,93.33333333333331,100.0,10,10,100.0,93.33333333333331,100.0,18,18,100.0,93.33333333333331,0.0,0.0,0.0,0.0,0.0,0.0
HumanEval_9,100.0,10,10,100.0,100.0,75.0,9,12,100.0,100.0,100.0,10,10,100.0,100.0,100.0,20,20,100.0,100.0,0.0,0.0,0.0,0.0,0.0,0.0
HumanEval_90,100.0,10,10,100.0,100.0,76.92307692307692,10,13,100.0,100.0,100.0,10,10,100.0,100.0,100.0,20,20,100.0,100.0,0.0,0.0,0.0,0.0,0.0,0.0
HumanEval_91,70.0,7,10,100.0,100.0,66.66666666666667,8,12,100.0,100.0,100.0,10,10,100.0,100.0,100.0,17,17,100.0,100.0,0.0,0.0,0.0,0.0,0.0,0.0
HumanEval_92,100.0,10,10,100.0,90.9090909090909,75.0,9,12,100.0,81.81818181818181,-10.0,-1,10,100.0,0.0,100.0,20,20,100.0,100.0,9.090909090909093,-9.090909090909093,-90.9090909090909,81.81818181818181,100.0,2837.465564738292
HumanEval_93,60.0,6,10,100.0,100.0,40.0,4,10,100.0,100.0,100.0,10,10,100.0,100.0,100.0,12,12,100.0,100.0,0.0,0.0,0.0,0.0,0.0,0.0
HumanEval_94,80.0,8,10,100.0,81.81818181818181,72.72727272727273,8,11,100.0,77.27272727272727,100.0,10,10,100.0,77.27272727272727,100.0,18,18,100.0,81.81818181818181,0.0,-4.545454545454547,-4.545454545454547,0.0,4.545454545454547,6.8870523415977996
HumanEval_95,100.0,10,10,100.0,77.14285714285714,50.0,6,12,95.0,74.28571428571429,100.0,10,10,89.0,80.0,100.0,17,17,100.0,77.14285714285714,0.0,-2.857142857142847,2.857142857142861,-5.714285714285708,-2.857142857142861,8.163265306122431
HumanEval_96,100.0,10,10,100.0,81.81818181818181,63.63636363636363,7,11,100.0,81.81818181818181,100.0,10,10,27.0,0.0,100.0,18,18,100.0,81.81818181818181,0.0,0.0,-81.81818181818181,81.81818181818181,81.81818181818181,2231.404958677686
HumanEval_97,100.0,10,10,100.0,100.0,100.0,7,7,100.0,100.0,100.0,10,10,100.0,100.0,100.0,16,16,100.0,100.0,0.0,0.0,0.0,0.0,0.0,0.0
HumanEval_98,80.0,8,10,100.0,88.88888888888889,81.81818181818181,9,11,100.0,88.88888888888889,100.0,10,10,100.0,88.88888888888889,100.0,19,19,100.0,100.0,11.111111111111114,0.0,0.0,0.0,11.111111111111114,41.15226337448562
HumanEval_99,100.0,10,10,93.0,50.0,70.0,7,10,93.0,54.166666666666664,100.0,10,10,93.0,58.333333333333336,100.0,18,18,93.0,54.166666666666664,4.166666666666664,4.166666666666664,8.333333333333336,-4.166666666666671,-4.166666666666671,5.7870370370370505
